N,FFT sequenziale,FFT OpenMP,IFFT sequenziale,IFFT OpenMP
64,0.0013801020013488596,0.02317400999891106,0.0009808619997784263,0.03350315500028955
128,0.0009850750011537457,0.025082698000915116,0.0010034110000560759,0.022243195999180898
256,0.0010243289998470573,0.025398593999852892,0.0012028940000163857,0.02071275600064837
512,0.001168262999271974,0.04311004299961496,0.0012971280011697672,0.022834893999970518
1024,0.0015324460000556428,0.04107780300000741,0.0015653499995096354,0.02593822599919804
2048,0.002865460999601055,0.015464243000678835,0.0024634970013721613,0.032119118000991875
4096,0.004302841000026092,0.031804583999473834,0.004236802000377793,0.03014383800109499
8192,0.00771797100060212,0.012603622000824544,0.00780765699892072,0.024927000000388944
